chunk_id,file_id,sort_id,content,page,total_page,coordinates,reg_id,reg_date,upd_id,upd_date,label,enumerated,section,subsection,subsubsection,subsubsubsection,is_section_title,footnote_id,table_group_id,content_type
3588,6,1,Standard Specification for Straight-Beam Ultrasonic Examination of Rolled Steel Plates for Special Applications 1,1,5,"[88.305, 637.1940478515625, 493.465, 681.0790478515624]",system,2025-08-14 01:29:13.602858,system,2025-08-14 01:29:13.602858,section_header,False,,,,,False,,,text
3590,6,3,This standard has been approved for use by agencies of the Department of Defense.,1,5,"[88.305, 582.2770478515625, 346.917, 588.5970478515625]",system,2025-08-14 01:29:13.602858,system,2025-08-14 01:29:13.602858,text,False,,,,,False,,,text
3591,6,4,1. Scope,1,5,"[31.431, 551.0500478515625, 68.848, 559.7730478515625]",system,2025-08-14 01:29:13.602858,system,2025-08-14 01:29:13.602858,section_header,False,1 Scope,,,,False,,,section
3592,6,5,"1.1 This specification 2 covers the procedure and acceptance standards for straight-beam, pulse-echo, ultrasonic examination of rolled carbon and alloy steel plates, 3 /8 in. [10 mm] in thickness and over, for special applications. The method will detect internal discontinuities parallel to the rolled surfaces. Three levels of acceptance standards are provided. Supplementary requirements are provided for alternative procedures.",1,5,"[31.43, 466.9610478515625, 282.906, 546.3940478515625]",system,2025-08-14 01:29:13.602858,system,2025-08-14 01:29:13.602858,list_item,False,1 Scope,,,,False,,,text
3593,6,6,1.2 Individuals performing examinations in accordance with this specification shall be qualified and certified in accordance with the requirements of the latest edition of ASNT SNTTC-1A or an equivalent accepted standard. An equivalent standard is one which covers the qualification and certification of ultrasonic nondestructive examination candidates and which is acceptable to the purchaser.,1,5,"[31.43, 382.9440478515625, 282.899, 460.4490478515625]",system,2025-08-14 01:29:13.602858,system,2025-08-14 01:29:13.602858,list_item,False,1 Scope,,,,False,,,text
3594,6,7,"1.3 The values stated in either SI units or inch-pound units are to be regarded separately as standard. The values stated in each system may not be exact equivalents; therefore, each system shall be used independently of the other. Combining values from the two systems may result in non-conformance with the standard.",1,5,"[31.43, 310.5020478515625, 282.902, 376.5320478515625]",system,2025-08-14 01:29:13.602858,system,2025-08-14 01:29:13.602858,list_item,False,1 Scope,,,,False,,,text
3595,6,8,"1.4 This standard does not purport to address all of the safety concerns, if any, associated with its use. It is the responsibility of the user of this standard to establish appropriate safety and health practices and determine the applicability of regulatory limitations prior to use.",1,5,"[31.43, 250.5720478515625, 282.925, 304.9870478515625]",system,2025-08-14 01:29:13.602858,system,2025-08-14 01:29:13.602858,list_item,False,1 Scope,,,,False,,,text
3596,6,9,A264 Specification for Stainless Chromium-Nickel Steel-,1,5,"[310.316, 550.9790478515625, 552.317, 559.6350478515625]",system,2025-08-14 01:29:13.602858,system,2025-08-14 01:29:13.602858,text,False,1 Scope,A264 Specification for Stainless Chromium-Nickel Steel-,,,False,,,subsection
3597,6,10,Clad Plate Steel Plate,1,5,"[319.795, 516.5550478515624, 363.029, 548.1600478515625]",system,2025-08-14 01:29:13.602858,system,2025-08-14 01:29:13.602858,text,False,1 Scope,A264 Specification for Stainless Chromium-Nickel Steel-,,,False,,,text
3598,6,11,A265 Specification for Nickel and Nickel-Base Alloy-Clad,1,5,"[310.316, 528.0300478515625, 552.312, 536.6860478515625]",system,2025-08-14 01:29:13.602858,system,2025-08-14 01:29:13.602858,text,False,1 Scope,A265 Specification for Nickel and Nickel-Base Alloy-Clad,,,False,,,subsection
3599,6,12,2.2 ANSI Standard: 4,1,5,"[310.314, 503.6900478515625, 395.443, 514.2750478515625]",system,2025-08-14 01:29:13.602858,system,2025-08-14 01:29:13.602858,text,False,1 Scope,2.2 ANSI Standard,,,False,,,subsection
3600,6,13,B 46.1 Surface Texture,1,5,"[310.314, 492.2150478515625, 403.369, 500.8710478515625]",system,2025-08-14 01:29:13.602858,system,2025-08-14 01:29:13.602858,text,False,1 Scope,2.2 ANSI Standard,,,False,B,,text
3601,6,14,2.3 ASNT Standard: 5,1,5,"[310.314, 479.3520478515625, 402.478, 489.9360478515625]",system,2025-08-14 01:29:13.602858,system,2025-08-14 01:29:13.602858,text,False,1 Scope,2.3 ASNT Standard,,,False,,,subsection
3602,6,15,SNT-TC-1A,1,5,"[310.314, 467.8770478515625, 359.837, 476.5330478515625]",system,2025-08-14 01:29:13.602858,system,2025-08-14 01:29:13.602858,text,False,1 Scope,2.3 ASNT Standard,,,False,,,text
3603,6,16,2. Referenced Documents,1,5,"[31.43, 233.03304785156251, 142.914, 241.75604785156247]",system,2025-08-14 01:29:13.602858,system,2025-08-14 01:29:13.602858,section_header,False,2 Referenced Documents,,,,False,,,section
3604,6,17,2.1 ASTM Standards: 3,1,5,"[40.909, 217.89104785156246, 133.8, 228.47704785156247]",system,2025-08-14 01:29:13.602858,system,2025-08-14 01:29:13.602858,text,False,2 Referenced Documents,2.1 ASTM Standards,,,False,,,subsection
3605,6,18,A263 Specification for Stainless Chromium Steel-Clad Plate,1,5,"[40.91, 206.4180478515625, 282.92, 215.07404785156245]",system,2025-08-14 01:29:13.602858,system,2025-08-14 01:29:13.602858,text,False,2 Referenced Documents,A263 Specification for Stainless Chromium Steel-Clad Plate,,,False,,,subsection
3606,6,19,"1 This specification is under the jurisdiction of ASTM Committee A01 on Steel, Stainless Steel and Related Alloys and is the direct responsibility of Subcommittee A01.11 on Steel Plates for Boilers and Pressure Vessels.",1,5,"[31.43, 165.99804785156243, 282.908, 191.21304785156246]",system,2025-08-14 01:29:13.602858,system,2025-08-14 01:29:13.602858,footnote,False,,,,,False,,,text
3608,6,21,"2 For ASME Boiler and Pressure Vessel Code applications, see related Specification SA-578/SA-578M in Section II of that Code.",1,5,"[31.43, 121.09704785156248, 282.92, 137.3320478515625]",system,2025-08-14 01:29:13.602858,system,2025-08-14 01:29:13.602858,footnote,False,,,,,False,,,text
3610,6,23,3. Ordering Information,1,5,"[300.835, 447.1030478515625, 408.647, 455.8270478515625]",system,2025-08-14 01:29:13.602858,system,2025-08-14 01:29:13.602858,section_header,False,3 Ordering Information,,,,False,,,section
3611,6,24,3.1 The inquiry and order shall indicate the following:,1,5,"[310.315, 431.5650478515625, 535.042, 440.2210478515625]",system,2025-08-14 01:29:13.602858,system,2025-08-14 01:29:13.602858,list_item,False,3 Ordering Information,3.1 The inquiry and order shall indicate the following,,,False,,,subsection
3612,6,25,"3.1.1 Acceptance level requirements (Sections 7, 8, and 9). Acceptance Level B shall apply unless otherwise agreed to by purchaser and manufacturer.",1,5,"[300.834, 397.1410478515625, 552.293, 428.7470478515625]",system,2025-08-14 01:29:13.602858,system,2025-08-14 01:29:13.602858,list_item,False,3 Ordering Information,3.1 The inquiry and order shall indicate the following,,,False,,,text
3613,6,26,"3.1.2 Any additions to the provisions of this specification as prescribed in 5.2, 13.1, and Section 10.",1,5,"[300.834, 374.1920478515625, 552.318, 394.3220478515625]",system,2025-08-14 01:29:13.602858,system,2025-08-14 01:29:13.602858,list_item,False,3 Ordering Information,3.1 The inquiry and order shall indicate the following,,,False,,,text
3614,6,27,"3.1.3 Supplementary requirements, if any.",1,5,"[310.314, 362.7170478515625, 482.583, 371.3730478515625]",system,2025-08-14 01:29:13.602858,system,2025-08-14 01:29:13.602858,list_item,False,3 Ordering Information,3.1 The inquiry and order shall indicate the following,,,False,,,text
3615,6,28,4. Apparatus,1,5,"[300.835, 341.9440478515625, 358.767, 350.6670478515625]",system,2025-08-14 01:29:13.602858,system,2025-08-14 01:29:13.602858,section_header,False,4 Apparatus,,,,False,,,section
3616,6,29,"4.1 The amplitude linearity shall be checked by positioning the transducer over the depth resolution notch in the IIW or similar block so that the signal from the notch is approximately 30 % of the screen height, and the signal from one of the back surfaces is approximately 60 % of the screen height (two times the height of the signal from the notch). A curve is then plotted showing the deviations from the above established 2:1 ratio that occurs as the amplitude of the signal from the notch is raised in increments of one scale division until the back reflection signal reaches full scale, and then is lowered in increments of one scale division until the notch signal reaches one scale division. At each increment the ratio of the two signals is determined. The ratios are plotted on the graph at the position corresponding to the larger signal. Between the limits of 20 and 80 % of the screen height, the ratio shall be within 10 % of 2:1. Instrument settings used during inspection shall not cause variation outside the 10 % limits established above.",1,5,"[300.835, 142.81004785156256, 552.322, 335.0610478515625]",system,2025-08-14 01:29:13.602858,system,2025-08-14 01:29:13.602858,text,False,4 Apparatus,,,,False,,,text
3623,6,36,4.2 The transducer shall be 1 or 1 1 /8 in. [25 or 30 mm] in diameter or 1 in. [25 mm] square.,2,5,"[31.43, 701.1460478515625, 282.862, 721.2760478515625]",system,2025-08-14 01:29:13.602858,system,2025-08-14 01:29:13.602858,list_item,False,4 Apparatus,,,,False,,,text
3624,6,37,4.3 Other search units may be used for evaluating and pinpointing indications.,2,5,"[31.43, 674.6020478515625, 282.881, 694.7330478515624]",system,2025-08-14 01:29:13.602858,system,2025-08-14 01:29:13.602858,list_item,False,4 Apparatus,,,,False,,,text
3625,6,38,NOTE 1-Indications occurring midway between the initial pulse and the first back reflection may cause a second reflection at the location of the first back reflection. When this condition is observed it shall be investigated additionally by use of multiple back reflections.,2,5,"[300.835, 685.4900478515625, 552.313, 721.2830478515625]",system,2025-08-14 01:29:13.602858,system,2025-08-14 01:29:13.602858,text,False,4 Apparatus,,,,False,,,text
3626,6,39,5. Procedure,2,5,"[31.43, 657.2020478515625, 87.877, 665.9250478515625]",system,2025-08-14 01:29:13.602858,system,2025-08-14 01:29:13.602858,section_header,False,5 Procedure,,,,False,,,section
3627,6,40,5.1 Perform the inspection in an area free of operations that interfere with proper performance of the test.,2,5,"[31.43, 630.5860478515625, 282.891, 650.7170478515625]",system,2025-08-14 01:29:13.602858,system,2025-08-14 01:29:13.602858,list_item,False,5 Procedure,,,,False,,,text
3628,6,41,"5.2 Unless otherwise specified, make the ultrasonic examination on either major surface of the plate.",2,5,"[31.43, 604.0430478515625, 282.903, 624.1730478515625]",system,2025-08-14 01:29:13.602858,system,2025-08-14 01:29:13.602858,list_item,False,5 Procedure,,,,False,,,text
3629,6,42,5.3 The plate surface shall be sufficiently clean and smooth to maintain a first reflection from the opposite side of the plate at least 50 % of full scale during scanning. This may involve suitable means of scale removal at the manufacturer's option. Condition local rough surfaces by grinding. Restore any specified identification which is removed when grinding to achieve proper surface smoothness.,2,5,"[31.43, 520.1260478515625, 282.906, 597.6300478515625]",system,2025-08-14 01:29:13.602858,system,2025-08-14 01:29:13.602858,list_item,False,5 Procedure,,,,False,,,text
3630,6,43,"5.4 Perform the test by one of the following methods: direct contact, immersion, or liquid column coupling. Use a suitable couplant such as water, soluble oil, or glycerin. As a result of the test by this method, the surface of plates may be expected to have a residue of oil or rust or both.",2,5,"[31.43, 459.1580478515625, 282.908, 513.7130478515625]",system,2025-08-14 01:29:13.602858,system,2025-08-14 01:29:13.602858,list_item,False,5 Procedure,5.4 Perform the test by one of the following methods,,,False,,,subsection
3631,6,44,"5.5 Anominal test frequency of 2 1 /4 MHz is recommended. When testing plates less than 3 /4 in. [20 mm] thick a frequency of 5 MHz may be necessary. Thickness, grain size or microstructure of the material and nature of the equipment or method may require a higher or lower test frequency. Use the transducers at their rated frequency. A clean, easily interpreted trace pattern should be produced during the examination.",2,5,"[31.43, 375.2400478515625, 282.903, 452.7450478515625]",system,2025-08-14 01:29:13.602858,system,2025-08-14 01:29:13.602858,list_item,False,5 Procedure,,,,False,,,text
3632,6,45,5.6 Scanning:,2,5,"[40.909, 360.1720478515625, 98.83, 368.8280478515625]",system,2025-08-14 01:29:13.602858,system,2025-08-14 01:29:13.602858,section_header,False,5 Procedure,5.6 Scanning,,,False,,,subsection
3633,6,46,"5.6.1 Scanning shall be along continuous perpendicular grid lines on nominal 9-in. [225-mm] centers, or at the option of the manufacturer, shall be along continuous parallel paths, transverse to the major plate axis, on nominal 4-in. [100-mm] centers, or shall be along continuous parallel paths parallel to the major plate axis, on 3-in. [75-mm] or smaller centers. Measure the lines from the center or one corner of the plate with an additional path within 2 in. [50 mm] of all edges of the plate on the searching surface.",2,5,"[31.43, 256.8990478515625, 282.904, 357.3530478515625]",system,2025-08-14 01:29:13.602858,system,2025-08-14 01:29:13.602858,list_item,False,5 Procedure,5.6 Scanning,,,False,,,text
3634,6,47,5.6.2 Conduct the general scanning with an instrument adjustment that will produce a first reflection from the opposite side of a sound area of the plate from 50 to 90 % of full scale. Minor sensitivity adjustments may be made to accommodate for surface roughness.,2,5,"[31.43, 199.52604785156245, 282.903, 254.08104785156252]",system,2025-08-14 01:29:13.602858,system,2025-08-14 01:29:13.602858,text,False,5 Procedure,5.6 Scanning,,,False,,,text
3635,6,48,5.6.3 When a discontinuity condition is observed during general scanning adjust the instrument to produce a first reflection from the opposite side of a sound area of the plate of 75 6 5 % of full scale. Maintain this instrument setting during evaluation of the discontinuity condition.,2,5,"[31.43, 142.15204785156243, 282.905, 196.7070478515625]",system,2025-08-14 01:29:13.602858,system,2025-08-14 01:29:13.602858,list_item,False,5 Procedure,5.6 Scanning,,,False,,,text
3636,6,49,6. Recording,2,5,"[31.43, 124.75204785156245, 88.245, 133.4760478515625]",system,2025-08-14 01:29:13.602858,system,2025-08-14 01:29:13.602858,section_header,False,6 Recording,,,,False,,,section
3637,6,50,6.1 Record all discontinuities causing complete loss of back reflection.,2,5,"[31.43, 98.13604785156247, 282.911, 118.26704785156244]",system,2025-08-14 01:29:13.602858,system,2025-08-14 01:29:13.602858,list_item,False,6 Recording,,,,False,,,text
3638,6,51,"6.2 For plates 3 /4 in. [20 mm] thick and over, record all indications with amplitudes equal to or greater than 50 % of the initial back reflection and accompanied by a 50 % loss of back reflection.",2,5,"[31.43, 48.74304785156255, 282.895, 91.84004785156253]",system,2025-08-14 01:29:13.602858,system,2025-08-14 01:29:13.602858,list_item,False,6 Recording,,,,False,,,text
3639,6,52,"6.3 Where grid scanning is performed and recordable conditions as in 6.1 and 6.2 are detected along a given grid line, the entire surface area of the squares adjacent to this indication shall be scanned. Where parallel path scanning is performed and recordable conditions as in 6.1 and 6.2 are detected, the entire surface area of a 9 by 9-in. [225 by 225-mm] square centered on this indication shall be scanned. The true boundaries where these conditions exist shall be established in either method by the following technique: Move the transducer away from the center of the discontinuity until the height of the back reflection and discontinuity indications are equal. Mark the plate at a point equivalent to the center of the transducer. Repeat the operation to establish the boundary.",2,5,"[300.834, 531.4290478515625, 552.31, 677.7820478515625]",system,2025-08-14 01:29:13.602858,system,2025-08-14 01:29:13.602858,list_item,False,6 Recording,,,,False,,,text
3640,6,53,7. Acceptance Standard-Level A,2,5,"[300.834, 508.0760478515625, 448.548, 516.8000478515625]",system,2025-08-14 01:29:13.602858,system,2025-08-14 01:29:13.602858,section_header,False,7 Acceptance Standard-Level A,,,,False,,,section
3641,6,54,"7.1 Any area where one or more discontinuities produce a continuous total loss of back reflection accompanied by continuous indications on the same plane (within 5 % of plate thickness) that cannot be encompassed within a circle whose diameter is 3 in. [75 mm] or 1 /2 of the plate thickness, whichever is greater, is unacceptable.",2,5,"[300.834, 433.5780478515625, 552.305, 499.6070478515625]",system,2025-08-14 01:29:13.602858,system,2025-08-14 01:29:13.602858,list_item,False,7 Acceptance Standard-Level A,,,,False,,,text
3642,6,55,8. Acceptance Standards-Level B,2,5,"[300.835, 410.2250478515625, 452.429, 418.9480478515625]",system,2025-08-14 01:29:13.602858,system,2025-08-14 01:29:13.602858,section_header,False,8 Acceptance Standards-Level B,,,,False,,,section
3643,6,56,"8.1 Any area where one or more discontinuities produce a continuous total loss of back reflection accompanied by continuous indications on the same plane (within 5 % of plate thickness) that cannot be encompassed within a circle whose diameter is 3 in. [75 mm] or 1 /2 of the plate thickness, whichever is greater, is unacceptable.",2,5,"[300.835, 335.7260478515625, 552.306, 401.7550478515625]",system,2025-08-14 01:29:13.602858,system,2025-08-14 01:29:13.602858,list_item,False,8 Acceptance Standards-Level B,,,,False,,,text
3644,6,57,"8.2 In addition, two or more discontinuities smaller than described in 8.1 shall be unacceptable unless separated by a minimum distance equal to the greatest diameter of the larger discontinuity or unless they may be collectively encompassed by the circle described in 8.1.",2,5,"[300.835, 272.7740478515625, 552.31, 327.3280478515625]",system,2025-08-14 01:29:13.602858,system,2025-08-14 01:29:13.602858,list_item,False,8 Acceptance Standards-Level B,,,,False,,,text
3645,6,58,9. Acceptance Standard-Level C,2,5,"[300.835, 249.42104785156243, 449.096, 258.1440478515625]",system,2025-08-14 01:29:13.602858,system,2025-08-14 01:29:13.602858,section_header,False,9 Acceptance Standard-Level C,,,,False,,,section
3646,6,59,9.1 Any area where one or more discontinuities produce a continuous total loss of back reflection accompanied by continuous indications on the same plane (within 5 % of plate thickness) that cannot be encompassed within a 1-in. [25-mm] diameter circle is unacceptable.,2,5,"[300.835, 186.2980478515625, 552.299, 240.85304785156245]",system,2025-08-14 01:29:13.602858,system,2025-08-14 01:29:13.602858,list_item,False,9 Acceptance Standard-Level C,,,,False,,,text
3647,6,60,10. Report,2,5,"[300.835, 162.94504785156255, 348.221, 171.6680478515625]",system,2025-08-14 01:29:13.602858,system,2025-08-14 01:29:13.602858,section_header,False,10 Report,,,,False,,,section
3648,6,61,"10.1 Unless otherwise agreed to by the purchaser and the manufacturer, the manufacturer shall report the following data:",2,5,"[300.835, 134.2450478515625, 552.302, 154.37604785156248]",system,2025-08-14 01:29:13.602858,system,2025-08-14 01:29:13.602858,text,False,10 Report,"10.1 Unless otherwise agreed to by the purchaser and the manufacturer, the manufacturer shall report the following data",,,False,,,subsection
3649,6,62,10.1.1 All recordable indications listed in Section 6 on a sketch of the plate with sufficient data to relate the geometry and identity of the sketch to those of the plate.,2,5,"[300.834, 98.13404785156251, 552.302, 129.7400478515625]",system,2025-08-14 01:29:13.602858,system,2025-08-14 01:29:13.602858,list_item,False,10 Report,"10.1 Unless otherwise agreed to by the purchaser and the manufacturer, the manufacturer shall report the following data",,,False,,,text
3650,6,63,"10.1.2 Test parameters including: Make and model of instrument, test frequency, surface condition, transducer (type and frequency), and couplant.",2,5,"[300.834, 62.0240478515625, 552.296, 93.62904785156252]",system,2025-08-14 01:29:13.602858,system,2025-08-14 01:29:13.602858,list_item,False,10 Report,"10.1 Unless otherwise agreed to by the purchaser and the manufacturer, the manufacturer shall report the following data",10.1.2 Test parameters including,,False,,,subsubsection
3651,6,64,10.1.3 Date of test.,2,5,"[310.314, 48.86304785156244, 390.395, 57.519047851562505]",system,2025-08-14 01:29:13.602858,system,2025-08-14 01:29:13.602858,text,False,10 Report,"10.1 Unless otherwise agreed to by the purchaser and the manufacturer, the manufacturer shall report the following data",,,False,,,text
3655,6,68,11. Inspection,3,5,"[31.431, 712.6930478515625, 92.697, 721.4160478515626]",system,2025-08-14 01:29:13.602858,system,2025-08-14 01:29:13.602858,section_header,False,11 Inspection,,,,False,,,section
3656,6,69,"11.1 The inspector representing the purchaser shall have access at all times, while work on the contract of the purchaser is being performed, to all parts of the manufacturer's works that concern the ultrasonic testing of the material ordered. The manufacturer shall afford the inspector all reasonable facilities to satisfy him that the material is being furnished in accordance with this specification. All tests and inspections shall be made at the place of manufacture prior to shipment, unless otherwise specified, and shall be conducted without interfering unnecessarily with the manufacturer's operations.",3,5,"[31.431, 593.8820478515624, 282.93, 705.8100478515624]",system,2025-08-14 01:29:13.602858,system,2025-08-14 01:29:13.602858,text,False,11 Inspection,,,,False,,,text
3657,6,70,12. Rehearing,3,5,"[31.431, 574.9930478515626, 93.235, 583.7170478515625]",system,2025-08-14 01:29:13.602858,system,2025-08-14 01:29:13.602858,section_header,False,12 Rehearing,,,,False,,,section
3658,6,71,12.1 The manufacturer reserves the right to discuss rejectable ultrasonically tested plate with the purchaser with the object of possible repair of the ultrasonically indicated defect before rejection of the plate.,3,5,"[31.431, 547.9800478515625, 282.912, 568.1110478515625]",system,2025-08-14 01:29:13.602858,system,2025-08-14 01:29:13.602858,text,False,12 Rehearing,,,,False,,,text
3659,6,72,13. Marking,3,5,"[300.837, 676.9980478515625, 355.995, 685.7220478515625]",system,2025-08-14 01:29:13.602858,system,2025-08-14 01:29:13.602858,section_header,False,13 Marking,,,,False,,,section
3661,6,74,14. Keywords,3,5,"[300.837, 587.8420478515625, 361.533, 596.5650478515626]",system,2025-08-14 01:29:13.602858,system,2025-08-14 01:29:13.602858,section_header,False,14 Keywords,,,,False,,,section
3662,6,75,14.1 nondestructive testing; pressure containing parts; pressure vessel steels; steel plate for pressure vessel applications; steel plates; ultrasonic examinations,3,5,"[300.837, 548.1630478515625, 552.338, 580.5630478515625]",system,2025-08-14 01:29:13.602858,system,2025-08-14 01:29:13.602858,text,False,14 Keywords,14.1 nondestructive testing,,,False,,,subsection
3663,6,76,SUPPLEMENTARY REQUIREMENTS,3,5,"[205.017, 515.9590478515624, 378.735, 524.6830478515625]",system,2025-08-14 01:29:13.602858,system,2025-08-14 01:29:13.602858,section_header,False,SUPPLEMENTARY REQUIREMENTS,,,,False,,,section
3664,6,77,"These supplementary requirements shall apply only when individually specified by the purchaser. When details of these requirements are not covered herein, they are subject to agreement between the manufacturer and the purchaser.",3,5,"[88.305, 469.4890478515625, 495.451, 501.0950478515625]",system,2025-08-14 01:29:13.602858,system,2025-08-14 01:29:13.602858,text,False,SUPPLEMENTARY REQUIREMENTS,,,,False,,,text
3665,6,78,S1. Scanning,3,5,"[31.431, 438.8790478515625, 88.824, 447.6030478515625]",system,2025-08-14 01:29:13.602858,system,2025-08-14 01:29:13.602858,section_header,False,SUPPLEMENTARY REQUIREMENTS,S1 Scanning,,,False,,,subsection
3666,6,79,S6. Withdrawn,3,5,"[300.837, 438.8840478515625, 368.019, 447.6070478515625]",system,2025-08-14 01:29:13.602858,system,2025-08-14 01:29:13.602858,section_header,False,SUPPLEMENTARY REQUIREMENTS,S6 Withdrawn,,,False,,,subsection
3667,6,80,"S1.1 Scanning shall be continuous over 100 % of the plate surface along parallel paths, transverse or parallel to the major plate axis, with not less than 10 % overlap between each path.",3,5,"[31.431, 398.1110478515625, 282.898, 429.9140478515625]",system,2025-08-14 01:29:13.602858,system,2025-08-14 01:29:13.602858,text,False,SUPPLEMENTARY REQUIREMENTS,S6 Withdrawn,,,False,,,text
3668,6,81,S2. Acceptance Standard,3,5,"[31.431, 374.6580478515625, 141.457, 383.38104785156247]",system,2025-08-14 01:29:13.602858,system,2025-08-14 01:29:13.602858,section_header,False,SUPPLEMENTARY REQUIREMENTS,S2 Acceptance Standard,,,False,,,subsection
3669,6,82,"S2.1 Any recordable condition listed in Section 6 that ( 1 ) is continuous, ( 2 ) is on the same plane (within 5 % of the plate thickness), and ( 3 ) cannot be encompassed by a 3-in. [75-mm] diameter circle, is unacceptable. Two or more recordable conditions (see Section 5), that ( 1 ) are on the same plane (within 5 % of plate thickness), ( 2 ) individually can be encompassed by a 3-in. [75-mm] diameter circle, ( 3 ) are separated from each other by a distance less than the greatest dimension of the smaller indication, and ( 4 ) collectively cannot be encompassed by a 3-in. [75-mm] diameter circle, are unacceptable.",3,5,"[31.43, 242.39204785156244, 282.907, 365.7950478515625]",system,2025-08-14 01:29:13.602858,system,2025-08-14 01:29:13.602858,text,False,SUPPLEMENTARY REQUIREMENTS,S2 Acceptance Standard,,,False,,,text
3670,6,83,S2.2 An acceptance level more restrictive than Section 7 or 8 shall be used by agreement between the manufacturer and purchaser.,3,5,"[31.431, 205.98404785156254, 282.884, 237.58904785156255]",system,2025-08-14 01:29:13.602858,system,2025-08-14 01:29:13.602858,text,False,SUPPLEMENTARY REQUIREMENTS,S2 Acceptance Standard,S2.2 An acceptance level more restrictive than Section 7 or 8 shall be used by agreement between the manufacturer and purchaser,,False,,,subsubsection
3671,6,84,S3. Procedure,3,5,"[31.431, 182.63104785156247, 93.426, 191.35404785156254]",system,2025-08-14 01:29:13.602858,system,2025-08-14 01:29:13.602858,section_header,False,SUPPLEMENTARY REQUIREMENTS,S3 Procedure,,,False,,,subsection
3672,6,85,S3.1 The manufacturer shall provide a written procedure in accordance with this specification.,3,5,"[31.431, 153.6340478515625, 282.889, 173.7640478515625]",system,2025-08-14 01:29:13.602858,system,2025-08-14 01:29:13.602858,text,False,SUPPLEMENTARY REQUIREMENTS,S3 Procedure,S3.1 The manufacturer shall provide a written procedure in accordance with this specification,,False,,,subsubsection
3673,6,86,S4. Certification,3,5,"[31.431, 130.28104785156256, 103.213, 139.00404785156252]",system,2025-08-14 01:29:13.602858,system,2025-08-14 01:29:13.602858,section_header,False,SUPPLEMENTARY REQUIREMENTS,S4 Certification,,,False,,,subsection
3674,6,87,S4.1 The manufacturer shall provide a written certification of the ultrasonic test operator's qualifications.,3,5,"[31.431, 101.28304785156251, 282.899, 121.41404785156249]",system,2025-08-14 01:29:13.602858,system,2025-08-14 01:29:13.602858,text,False,SUPPLEMENTARY REQUIREMENTS,S4 Certification,S4.1 The manufacturer shall provide a written certification of the ultrasonic test operator's qualifications,,False,,,subsubsection
3675,6,88,S5. Surface Finish,3,5,"[31.431, 77.93004785156245, 112.092, 86.65304785156252]",system,2025-08-14 01:29:13.602858,system,2025-08-14 01:29:13.602858,section_header,False,SUPPLEMENTARY REQUIREMENTS,S5 Surface Finish,,,False,,,subsection
3676,6,89,S5.1 The surface finish of the plate shall be conditioned to a maximum 125 µin. [3 µm] AA (see ANSI B 46.1) prior to test.,3,5,"[31.431, 48.932047851562515, 282.882, 69.06304785156249]",system,2025-08-14 01:29:13.602858,system,2025-08-14 01:29:13.602858,text,False,SUPPLEMENTARY REQUIREMENTS,S5 Surface Finish,S5.1 The surface finish of the plate shall be conditioned to a maximum 125 µin. [3 µm] AA (see ANSI B 46.1) prior to test,,False,,,subsubsection
3677,6,90,"See Specifications A263, A264, and A265 for equivalent descriptions for clad quality level.",3,5,"[300.835, 411.8700478515625, 552.295, 432.0020478515625]",system,2025-08-14 01:29:13.602858,system,2025-08-14 01:29:13.602858,text,False,SUPPLEMENTARY REQUIREMENTS,S5 Surface Finish,S5.1 The surface finish of the plate shall be conditioned to a maximum 125 µin. [3 µm] AA (see ANSI B 46.1) prior to test,,False,,,text
3678,6,91,S7. Withdrawn,3,5,"[300.835, 388.8140478515625, 368.016, 397.5380478515625]",system,2025-08-14 01:29:13.602858,system,2025-08-14 01:29:13.602858,section_header,False,SUPPLEMENTARY REQUIREMENTS,S7 Withdrawn,,,False,,,subsection
3679,6,92,"See Specifications A263, A264, and A265 for equivalent descriptions for clad quality level.",3,5,"[300.835, 361.8020478515625, 552.295, 381.9320478515625]",system,2025-08-14 01:29:13.602858,system,2025-08-14 01:29:13.602858,text,False,SUPPLEMENTARY REQUIREMENTS,S7 Withdrawn,,,False,,,text
3680,6,93,S8. Ultrasonic Examination Using Flat Bottom Hole Calibration (for Plates 4 in. [100 mm] Thick and Greater),3,5,"[300.835, 327.2710478515625, 552.324, 347.4690478515625]",system,2025-08-14 01:29:13.602858,system,2025-08-14 01:29:13.602858,section_header,False,SUPPLEMENTARY REQUIREMENTS,S8 Ultrasonic Examination Using Flat Bottom Hole Calibration (for Plates 4 in. [100 mm] Thick and Greater),,,False,,,subsection
3681,6,94,"S8.1 Use the following calibration and recording procedures in place of 5.6.2, 5.6.3, and Section 6.",3,5,"[300.835, 300.2580478515625, 552.298, 320.3890478515625]",system,2025-08-14 01:29:13.602858,system,2025-08-14 01:29:13.602858,text,False,SUPPLEMENTARY REQUIREMENTS,S8 Ultrasonic Examination Using Flat Bottom Hole Calibration (for Plates 4 in. [100 mm] Thick and Greater),"S8.1 Use the following calibration and recording procedures in place of 5.6.2, 5.6.3, and Section 6",,False,,,subsubsection
3682,6,95,S8.2 The transducer shall be in accordance with 4.2.,3,5,"[310.314, 288.7840478515625, 527.252, 297.4400478515625]",system,2025-08-14 01:29:13.602858,system,2025-08-14 01:29:13.602858,text,False,SUPPLEMENTARY REQUIREMENTS,S8 Ultrasonic Examination Using Flat Bottom Hole Calibration (for Plates 4 in. [100 mm] Thick and Greater),S8.2 The transducer shall be in accordance with 4.2,,False,,,subsubsection
3683,6,96,"S8.3 Reference Reflectors -The T /4, T /2, and 3 T /4 deep flat bottom holes shall be used to calibrate the equipment. The flat bottom hole diameter shall be in accordance with Table S8.1. The holes may be drilled in the plate to be examined if they can be located without interfering with the use of the plate, in a prolongation of the plate to be examined, or in a reference block of the same nominal composition, and thermal treatment as the plate to be examined. The surface of the reference block shall be no better to the unaided eye than the plate surface to be examined. The reference block shall be of the same nominal thickness (within 75 to 125 % or 1 in. [25 mm] of the examined plate, whichever is less) and shall have acoustical properties",3,5,"[300.834, 151.08804785156246, 552.308, 285.9650478515625]",system,2025-08-14 01:29:13.602858,system,2025-08-14 01:29:13.602858,text,False,SUPPLEMENTARY REQUIREMENTS,S8 Ultrasonic Examination Using Flat Bottom Hole Calibration (for Plates 4 in. [100 mm] Thick and Greater),,,False,,,text
3684,6,97,"TABLE S8.1 Calibration Hole Diameter as a Function of Plate Thickness (S8)  | Plate Thickness, in. [mm]   | 4-6 [100-150]   | >6-9 [>150-225]   | >9-12 [>225-300]   | >12-20 [>300-500]   | |-|-|-||-| | Hole Diameter, in. [mm]     | 5 ⁄ 8 [16]      | 3 ⁄ 4 [19]        | 7 ⁄ 8 [22]         | 1 1 ⁄ 8 [29]        |",3,5,"[300.28662109375, 55.5379638671875, 552.3358154296875, 95.64794921875]",system,2025-08-14 01:29:13.602858,system,2025-08-14 01:29:13.602858,table,False,SUPPLEMENTARY REQUIREMENTS,S8 Ultrasonic Examination Using Flat Bottom Hole Calibration (for Plates 4 in. [100 mm] Thick and Greater),,,False,,TABLE_1,table
3688,6,101,"similar to the examined plate. Acoustical similarity is presumed when, without a change in instrument setting, comparison of the back reflection signals between the reference block and the examined plate shows a variation of 25 % or less.",4,5,"[31.431, 678.1960478515625, 282.92, 721.2760478515625]",system,2025-08-14 01:29:13.602858,system,2025-08-14 01:29:13.602858,text,False,SUPPLEMENTARY REQUIREMENTS,S8 Ultrasonic Examination Using Flat Bottom Hole Calibration (for Plates 4 in. [100 mm] Thick and Greater),,,False,,,text
3689,6,102,TABLE S9.1 Calibration Hole Diameter as a Function of Plate Thickness (S9),4,5,"[310.037, 705.0360478515624, 543.119, 721.8990478515625]",system,2025-08-14 01:29:13.602858,system,2025-08-14 01:29:13.602858,caption,False,SUPPLEMENTARY REQUIREMENTS,S8 Ultrasonic Examination Using Flat Bottom Hole Calibration (for Plates 4 in. [100 mm] Thick and Greater),,,False,,TABLE_1,table
3690,6,103,S8.4 Calibration Procedure:,4,5,"[40.91, 666.7210478515625, 158.519, 675.3780478515625]",system,2025-08-14 01:29:13.602858,system,2025-08-14 01:29:13.602858,text,False,SUPPLEMENTARY REQUIREMENTS,S8 Ultrasonic Examination Using Flat Bottom Hole Calibration (for Plates 4 in. [100 mm] Thick and Greater),S8.4 Calibration Procedure,,False,,,subsubsection
3691,6,104,"S8.4.1 Couple and position the search unit for maximum amplitudes from the reflectors at T /4, T /2, and 3 T /4. Set the instrument to produce a 75 6 5 % of full scale indication from the reflector giving the highest amplitude.",4,5,"[31.431, 620.8230478515625, 282.899, 663.9030478515625]",system,2025-08-14 01:29:13.602858,system,2025-08-14 01:29:13.602858,text,False,SUPPLEMENTARY REQUIREMENTS,S8 Ultrasonic Examination Using Flat Bottom Hole Calibration (for Plates 4 in. [100 mm] Thick and Greater),,,False,,,text
3692,6,105,"S8.4.2 Without changing the instrument setting, couple and position the search unit over each of the holes and mark on the screen the maximum amplitude from each hole and each minimum remaining back reflection.",4,5,"[31.431, 574.9240478515625, 282.888, 618.0040478515625]",system,2025-08-14 01:29:13.602858,system,2025-08-14 01:29:13.602858,text,False,SUPPLEMENTARY REQUIREMENTS,S8 Ultrasonic Examination Using Flat Bottom Hole Calibration (for Plates 4 in. [100 mm] Thick and Greater),,,False,,,text
3693,6,106,S8.4.3 Mark on the screen half the vertical distance from the sweep line to each maximum amplitude hole mark. Connect the maximum amplitude hole marks and extend the line through the thickness for the 100 % DAC (distance amplitude correction curve). Similarly connect and extend the half maximum amplitude marks for the 50 % DAC.,4,5,"[31.431, 506.0760478515625, 282.895, 572.1050478515625]",system,2025-08-14 01:29:13.602858,system,2025-08-14 01:29:13.602858,text,False,SUPPLEMENTARY REQUIREMENTS,S8 Ultrasonic Examination Using Flat Bottom Hole Calibration (for Plates 4 in. [100 mm] Thick and Greater),,,False,,,text
3694,6,107,S8.5 Recording:,4,5,"[40.91, 494.6010478515625, 108.44, 503.2570478515625]",system,2025-08-14 01:29:13.602858,system,2025-08-14 01:29:13.602858,text,False,SUPPLEMENTARY REQUIREMENTS,S8 Ultrasonic Examination Using Flat Bottom Hole Calibration (for Plates 4 in. [100 mm] Thick and Greater),S8.5 Recording,,False,,,subsubsection
3695,6,108,S8.5.1 Record all areas where the remaining back reflection is smaller than the highest of the minimum remaining back reflections found in S8.4.2.,4,5,"[31.431, 460.1770478515625, 282.905, 491.7820478515625]",system,2025-08-14 01:29:13.602858,system,2025-08-14 01:29:13.602858,text,False,SUPPLEMENTARY REQUIREMENTS,S8 Ultrasonic Examination Using Flat Bottom Hole Calibration (for Plates 4 in. [100 mm] Thick and Greater),S8.5.1 Record all areas where the remaining back reflection is smaller than the highest of the minimum remaining back reflections found in S8.4.2,,False,,,subsubsection
3696,6,109,S8.5.2 Record all areas where indications exceed 50 % DAC.,4,5,"[31.431, 437.2270478515625, 282.888, 457.3580478515625]",system,2025-08-14 01:29:13.602858,system,2025-08-14 01:29:13.602858,text,False,SUPPLEMENTARY REQUIREMENTS,S8 Ultrasonic Examination Using Flat Bottom Hole Calibration (for Plates 4 in. [100 mm] Thick and Greater),S8.5.2 Record all areas where indications exceed 50 % DAC,,False,,,subsubsection
3697,6,110,"S8.5.3 Where recordable conditions listed in S8.5.1 and S8.5.2 are detected along a given grid line, continuously scan the entire surface area of the squares adjacent to the condition and record the boundaries or extent of each recordable condition.",4,5,"[31.431, 379.8540478515625, 282.898, 434.4090478515625]",system,2025-08-14 01:29:13.602858,system,2025-08-14 01:29:13.602858,text,False,SUPPLEMENTARY REQUIREMENTS,S8 Ultrasonic Examination Using Flat Bottom Hole Calibration (for Plates 4 in. [100 mm] Thick and Greater),,,False,,,text
3698,6,111,S8.6 Scanning shall be in accordance with 5.6.,4,5,"[40.91, 368.3790478515625, 234.59, 377.0370478515625]",system,2025-08-14 01:29:13.602858,system,2025-08-14 01:29:13.602858,text,False,SUPPLEMENTARY REQUIREMENTS,S8 Ultrasonic Examination Using Flat Bottom Hole Calibration (for Plates 4 in. [100 mm] Thick and Greater),S8.6 Scanning shall be in accordance with 5.6,,False,,,subsubsection
3699,6,112,S8.7 The acceptance levels of Section 7 or 8 shall apply as specified by the purchaser except that the recordable condition shall be as given in S8.5.,4,5,"[31.429, 333.9570478515625, 282.891, 365.5620478515625]",system,2025-08-14 01:29:13.602858,system,2025-08-14 01:29:13.602858,text,False,SUPPLEMENTARY REQUIREMENTS,S8 Ultrasonic Examination Using Flat Bottom Hole Calibration (for Plates 4 in. [100 mm] Thick and Greater),S8.7 The acceptance levels of Section 7 or 8 shall apply as specified by the purchaser except that the recordable condition shall be as given in S8.5,,False,,,subsubsection
3700,6,113,"S9. Ultrasonic Examination of Electroslag Remelted (ESR) and Vacuum-Arc Remelted (VAR) Plates, from 1 to 16 in. [25 to 400 mm] in Thickness, Using Flat-Bottom Hole Calibration and Distance-Amplitude Corrections",4,5,"[31.429, 280.1480478515625, 282.925, 323.2960478515625]",system,2025-08-14 01:29:13.602858,system,2025-08-14 01:29:13.602858,section_header,False,SUPPLEMENTARY REQUIREMENTS,,,,False,,,text
3701,6,114,"S9.1 The material to be examined must have a surface finish of 200 µin. [5 µm] as maximum for plates up to 8 in. [200 mm] thick, inclusive, and 250 µin. [6 µm] as maximum for plates over 8 to 16 in. [200 to 400 mm] thick.",4,5,"[31.429, 230.18604785156253, 282.895, 273.2660478515625]",system,2025-08-14 01:29:13.602858,system,2025-08-14 01:29:13.602858,text,False,SUPPLEMENTARY REQUIREMENTS,,,,False,,,text
3702,6,115,"S9.2 Use the following procedures in place of 5.6.1, 5.6.2, 5.6.3, and Section 6.",4,5,"[31.431, 207.23704785156247, 282.869, 227.36804785156255]",system,2025-08-14 01:29:13.602858,system,2025-08-14 01:29:13.602858,text,False,SUPPLEMENTARY REQUIREMENTS,,,,False,,,text
3703,6,116,S9.3 The transducer shall be in accordance with 4.2.,4,5,"[40.909, 195.76204785156256, 257.847, 204.4180478515625]",system,2025-08-14 01:29:13.602858,system,2025-08-14 01:29:13.602858,text,False,SUPPLEMENTARY REQUIREMENTS,,,,False,,,text
3704,6,117,"S9.4 Reference Reflectors -The T /4, T /2, and 3 T /4 deep flat bottom holes shall be used to calibrate the equipment. The flat bottom hole diameter shall be in accordance with Table S9.1. The flat bottoms of the holes shall be within 1¡ of parallel to the examination surface. The holes may be drilled in the plate to be examined if they can be located without interfering with the",4,5,"[31.43, 126.91404785156249, 282.896, 192.94404785156246]",system,2025-08-14 01:29:13.602858,system,2025-08-14 01:29:13.602858,text,False,SUPPLEMENTARY REQUIREMENTS,,,,False,,,text
3705,6,118,"| Plate Thickness, in. [mm]   | 1-4 [25-100]   | >4-8 [>100-200]   | >8-12 [>200-300]   | >12-16 [>300-400]   | |-||-||-| | Hole Diameter, in. [mm]     | 1 ⁄ 8 [3]      | 1 ⁄ 4 [6]         | 3 ⁄ 8 [10]         | 1 ⁄ 2 [13]          |",4,5,"[300.5448913574219, 663.6751861572266, 552.3995361328125, 703.9531021118164]",system,2025-08-14 01:29:13.602858,system,2025-08-14 01:29:13.602858,table,False,SUPPLEMENTARY REQUIREMENTS,,,,False,,TABLE_2,table
3706,6,119,"use of the plate, in a prolongation of the plate to be examined, or in a reference block of the same nominal composition and thermal treatment as the plate to be examined. The surface of the reference block shall be no better to the unaided eye than the plate surface to be examined. The reference block shall be of the same nominal thickness (within 75 to 125 % or 1 in. [25 mm] of the examined plate, whichever is less) and shall have acoustical properties similar to the examined plate. Acoustical similarity is presumed when, without a change in instrument setting, comparison of the back reflection signals between the reference block and the examined plate shows a variation of 25 % or less.",4,5,"[300.836, 505.6240478515625, 552.321, 640.5020478515625]",system,2025-08-14 01:29:13.602858,system,2025-08-14 01:29:13.602858,text,False,SUPPLEMENTARY REQUIREMENTS,,,,False,,,text
3707,6,120,S9.5 Calibration Procedure:,4,5,"[310.315, 494.1500478515625, 427.924, 502.8060478515625]",system,2025-08-14 01:29:13.602858,system,2025-08-14 01:29:13.602858,text,False,SUPPLEMENTARY REQUIREMENTS,,,,False,,,text
3708,6,121,"S9.5.1 Couple and position the search unit for maximum amplitudes from the reflectors at T /4, T /2, and 3 T /4. Set the instrument to produce a 75 6 5 % of full-scale indication from the reflector giving the highest amplitude.",4,5,"[300.836, 448.2510478515625, 552.304, 491.3310478515625]",system,2025-08-14 01:29:13.602858,system,2025-08-14 01:29:13.602858,text,False,SUPPLEMENTARY REQUIREMENTS,,,,False,,,text
3709,6,122,"S9.5.2 Without changing the instrument setting, couple and position the search unit over each of the holes and mark on the screen the maximum amplitude from each of the holes.",4,5,"[300.837, 413.8270478515625, 552.294, 445.4320478515625]",system,2025-08-14 01:29:13.602858,system,2025-08-14 01:29:13.602858,text,False,SUPPLEMENTARY REQUIREMENTS,,,,False,,,text
3710,6,123,S9.5.3 Mark on the screen half the vertical distances from the sweep line to each maximum amplitude hole mark. Connect the maximum amplitude hole marks and extend the line through the thickness for the 100 % DAC (distance amplitude correction curve). Similarly connect and extend the half maximim amplitude marks for the 50 % DAC.,4,5,"[300.837, 344.9780478515625, 552.302, 411.0080478515625]",system,2025-08-14 01:29:13.602858,system,2025-08-14 01:29:13.602858,text,False,SUPPLEMENTARY REQUIREMENTS,,,,False,,,text
3711,6,124,"S9.6 Scanning -Scanning shall cover 100 % of one major plate surface, with the search unit being indexed between each pass such that there is at least 15 % overlap of adjoining passes in order to assure adequate coverage for locating discontinuities.",4,5,"[300.837, 287.6050478515625, 552.3, 342.1600478515625]",system,2025-08-14 01:29:13.602858,system,2025-08-14 01:29:13.602858,text,False,SUPPLEMENTARY REQUIREMENTS,,,,False,,,text
3712,6,125,"S9.7 RecordingRecord all areas where the back reflection drops below the 50 % DAC. If the drop in back reflection is not accompanied by other indications on the screen, recondition the surface in the area and reexamine ultrasonically. If the back reflection is still below 50 % DAC, the loss may be due to the metallurgical structure of the material being examined. The material shall be held for metallurgical review by the purchaser and manufacturer.",4,5,"[300.837, 195.80704785156252, 552.304, 284.7860478515625]",system,2025-08-14 01:29:13.602858,system,2025-08-14 01:29:13.602858,text,False,SUPPLEMENTARY REQUIREMENTS,,,,False,,,text
3713,6,126,"S9.8 Acceptance StandardsAny indication that exceeds the 100 % DAC shall be considered unacceptable. The manufacturer may reserve the right to discuss rejectable ultrasonically examined material with the purchaser, the object being the possible repair of the ultrasonically indicated defect before rejection of the plate.",4,5,"[300.837, 126.95904785156245, 552.31, 192.98904785156253]",system,2025-08-14 01:29:13.602858,system,2025-08-14 01:29:13.602858,text,False,SUPPLEMENTARY REQUIREMENTS,,,,False,,,text
3717,6,130,"ASTM International takes no position respecting the validity of any patent rights asserted in connection with any item mentioned in this standard. Users of this standard are expressly advised that determination of the validity of any such patent rights, and the risk of infringement of such rights, are entirely their own responsibility.",5,5,"[88.305, 698.2580478515625, 495.678, 721.6810478515625]",system,2025-08-14 01:29:13.602858,system,2025-08-14 01:29:13.602858,text,False,SUPPLEMENTARY REQUIREMENTS,,,,False,,,text
3718,6,131,"This standard is subject to revision at any time by the responsible technical committee and must be reviewed every five years and if not revised, either reapproved or withdrawn. Your comments are invited either for revision of this standard or for additional standards and should be addressed to ASTM International Headquarters. Your comments will receive careful consideration at a meeting of the responsible technical committee, which you may attend. If you feel that your comments have not received a fair hearing you should make your views known to the ASTM Committee on Standards, at the address shown below.",5,5,"[88.305, 643.8770478515625, 495.658, 684.2640478515625]",system,2025-08-14 01:29:13.602858,system,2025-08-14 01:29:13.602858,text,False,SUPPLEMENTARY REQUIREMENTS,,,,False,,,text
